{
  "images" : [
    {
      "idiom" : "iphone",
      "size" : "29x29",
      "scale" : "2x"
    },
    {
      "idiom" : "iphone",
      "size" : "29x29",
      "scale" : "3x"
    },
    {
      "idiom" : "iphone",
      "size" : "40x40",
      "scale" : "2x"
    },
    {
      "idiom" : "iphone",
      "size" : "40x40",
      "scale" : "3x"
    },
    {
      "size" : "60x60",
      "idiom" : "iphone",
      "filename" : "Screen Shot 2016-02-21 at 1.07.25 AM.png",
      "scale" : "2x"
    },
    {
      "size" : "60x60",
      "idiom" : "iphone",
      "filename" : "180.png",
      "scale" : "3x"
    }
  ],
  "info" : {
    "version" : 1,
    "author" : "xcode"
  }
}